{
    "name": "First Configuration",
    "highContrastConfigurations": {
        "Items": [
            {
                "key": 0,
                "value": {
                    "name": "Default",
                    "tag": "Untagged",
                    "color": {
                        "r": 0.5094339847564697,
                        "g": 0.5094339847564697,
                        "b": 0.5094339847564697,
                        "a": 1.0
                    },
                    "outlineColor": {
                        "r": 1.0,
                        "g": 1.0,
                        "b": 1.0,
                        "a": 1.0
                    },
                    "outlineThickness": 0.6000000238418579
                }
            },
            {
                "key": 1,
                "value": {
                    "name": "Player",
                    "tag": "Player",
                    "color": {
                        "r": 0.0,
                        "g": 0.39215660095214846,
                        "b": 1.0,
                        "a": 1.0
                    },
                    "outlineColor": {
                        "r": 1.0,
                        "g": 1.0,
                        "b": 1.0,
                        "a": 1.0
                    },
                    "outlineThickness": 0.6000000238418579
                }
            }
        ]
    }
}